{
	"info": {
		"_postman_id": "e76d554a-eca9-406c-9cca-d1d98f11897f",
		"name": "Notes Project",
		"schema": "https://schema.getpostman.com/json/collection/v2.1.0/collection.json",
		"_exporter_id": "24478603"
	},
	"item": [
		{
			"name": "Notes",
			"item": [
				{
					"name": "Search for a Note",
					"request": {
						"method": "POST",
						"header": [],
						"body": {
							"mode": "raw",
							"raw": "{\r\n    \"searchTerm\":\"a\"\r\n    \r\n}",
							"options": {
								"raw": {
									"language": "json"
								}
							}
						},
						"url": {
							"raw": "http://localhost:5000/test/dashboard/search",
							"protocol": "http",
							"host": [
								"localhost"
							],
							"port": "5000",
							"path": [
								"test",
								"dashboard",
								"search"
							]
						}
					},
					"response": []
				},
				{
					"name": "Delete a Note",
					"request": {
						"method": "DELETE",
						"header": [],
						"url": {
							"raw": "http://localhost:5000/test/dashboard/item-delete/6552190aeade9b98634242d2",
							"protocol": "http",
							"host": [
								"localhost"
							],
							"port": "5000",
							"path": [
								"test",
								"dashboard",
								"item-delete",
								"6552190aeade9b98634242d2"
							]
						}
					},
					"response": []
				},
				{
					"name": "Add a Note",
					"request": {
						"method": "POST",
						"header": [],
						"body": {
							"mode": "raw",
							"raw": "{\"title\": \"aaaa\", \r\n\"body\": \"aaaaa\"\r\n}",
							"options": {
								"raw": {
									"language": "json"
								}
							}
						},
						"url": {
							"raw": "http://localhost:5000/test/dashboard/add",
							"protocol": "http",
							"host": [
								"localhost"
							],
							"port": "5000",
							"path": [
								"test",
								"dashboard",
								"add"
							]
						}
					},
					"response": []
				},
				{
					"name": "All Notes",
					"request": {
						"method": "GET",
						"header": [],
						"url": {
							"raw": "http://localhost:5000/test/dashboard/",
							"protocol": "http",
							"host": [
								"localhost"
							],
							"port": "5000",
							"path": [
								"test",
								"dashboard",
								""
							]
						}
					},
					"response": []
				},
				{
					"name": "Get Note by ID",
					"request": {
						"method": "GET",
						"header": [],
						"url": {
							"raw": "http://localhost:5000/test/dashboard/item/65521925eade9b98634242e2",
							"protocol": "http",
							"host": [
								"localhost"
							],
							"port": "5000",
							"path": [
								"test",
								"dashboard",
								"item",
								"65521925eade9b98634242e2"
							]
						}
					},
					"response": []
				},
				{
					"name": "Update Note",
					"request": {
						"method": "PUT",
						"header": [],
						"body": {
							"mode": "raw",
							"raw": "{\"title\": \"aaaa\",\r\n\"body\": \"aaaaa\"\r\n}",
							"options": {
								"raw": {
									"language": "json"
								}
							}
						},
						"url": {
							"raw": "http://localhost:5000/test/dashboard/item/6552192deade9b98634242e7",
							"protocol": "http",
							"host": [
								"localhost"
							],
							"port": "5000",
							"path": [
								"test",
								"dashboard",
								"item",
								"6552192deade9b98634242e7"
							]
						}
					},
					"response": []
				}
			]
		},
		{
			"name": "User",
			"item": [
				{
					"name": "Login",
					"request": {
						"method": "POST",
						"header": [],
						"body": {
							"mode": "raw",
							"raw": "{\r\n    \"email\":\"test@gmail.com\",\r\n    \"password\":\"test123@\"\r\n}",
							"options": {
								"raw": {
									"language": "json"
								}
							}
						},
						"url": {
							"raw": "http://localhost:5000/test/login/",
							"protocol": "http",
							"host": [
								"localhost"
							],
							"port": "5000",
							"path": [
								"test",
								"login",
								""
							]
						}
					},
					"response": []
				},
				{
					"name": "Register",
					"request": {
						"method": "POST",
						"header": [],
						"body": {
							"mode": "raw",
							"raw": "{\r\n    \"firstName\":\"test\",\r\n    \"lastName\":\"test\",\r\n    \"email\":\"test@gmail.com\",\r\n     \"password\":\"test123@\"\r\n}",
							"options": {
								"raw": {
									"language": "json"
								}
							}
						},
						"url": {
							"raw": "http://localhost:5000/test/register/",
							"protocol": "http",
							"host": [
								"localhost"
							],
							"port": "5000",
							"path": [
								"test",
								"register",
								""
							]
						}
					},
					"response": []
				}
			]
		}
	]
}